"","phase","N","Proportion_with_1_arm","Total_enrollment"
"1","Phase 2",493,0.186612576064909,58718
"2","Phase 2/Phase 3",69,0.159420289855072,9519
"3","Phase 3",387,0.126614987080103,171154
